{
  "accuracy": 0.9999327369341494,
  "roc_auc": 1.0,
  "f1_score": 0.9998618975279657,
  "classification_report": {
    "0.0": {
      "precision": 1.0,
      "recall": 0.9999110874010847,
      "f1-score": 0.999955541724092,
      "support": 22494.0
    },
    "1.0": {
      "precision": 0.9997238331952499,
      "recall": 1.0,
      "f1-score": 0.9998618975279657,
      "support": 7240.0
    },
    "accuracy": 0.9999327369341494,
    "macro avg": {
      "precision": 0.999861916597625,
      "recall": 0.9999555437005423,
      "f1-score": 0.9999087196260288,
      "support": 29734.0
    },
    "weighted avg": {
      "precision": 0.9999327555099754,
      "recall": 0.9999327369341494,
      "f1-score": 0.9999327400835473,
      "support": 29734.0
    }
  },
  "confusion_matrix": [
    [
      22492,
      2
    ],
    [
      0,
      7240
    ]
  ]
}